,Variable,Title,WVS7,WVS6,WVS5,WVS4,WVS3,WVS2,WVS1,
,A001,Important in life: Family,Q1,V4,V4,V4,V4,V5,,
,A002,Important in life: Friends,Q2,V5,V5,V5,V5,V6,,
,A003,Important in life: Leisure time,Q3,V6,V6,V6,V6,V7,,
,A004,Important in life: Politics,Q4,V7,V7,V7,V7,V8,,
,A005,Important in life: Work,Q5,V8,V8,V8,V8,V4,,
,A006,Important in life: Religion,Q6,V9,V9,V9,V9,V9,,
,A007,Important in life: Service to others,,,,V10,,,,
,A008,Feeling of happiness,Q46,V10,V10,V11,V10,V18,V10,
,A009,State of health (subjective),Q47,V11,V11,V12,V11,V83,V11,
,A010,Ever felt very excited or interested,,,,,,V84,,
,A011,Ever felt restless,,,,,,V85,,
,A012,Ever felt proud because someone complimented you,,,,,,V86,,
,A013,Ever felt very lonely or remote from other people,,,,,,V87,,
,A014,Ever felt pleased about having accomplished something,,,,,,V88,,
,A015,Ever felt bored,,,,,,V89,,
,A016,Ever felt on top of the world,,,,,,V90,,
,A017,Ever felt depressed or very unhappy,,,,,,V91,,
,A018,Ever felt that things were going your way,,,,,,V92,,
,A019,Ever felt upset because somebody criticized you,,,,,,V93,,
,A025,Respect and love for parents,,,,V13,V12,V224,V12,
,A026,Parents responsibilities to their children,,,,V14,V13,V225,V13,
,A027,Important child qualities: Good manners,Q7,,,IV15,V14,V226,V14,
,A029,Important child qualities: independence,Q8,V12,V12,V15,V15,V227,V15,
,A030,Important child qualities: Hard work,Q9,V13,V13,V16,V16,V228,V16,
,A032,Important child qualities: feeling of responsibility,Q10,V14,V14,V17,V17,V229,V17,
,A034,Important child qualities: imagination,Q11,V15,V15,V18,V18,V230,V18,
,A035,Important child qualities: tolerance and respect for other people,Q12,V16,V16,V19,V19,V231,V19,
,A038,Important child qualities: thrift saving money and things,Q13,V17,V17,V20,V20,V232,V20,
,A039,Important child qualities: determination perseverance,Q14,V18,V18,V21,V21,V233,V21,
,A040,Important child qualities: religious faith,Q15,V19,V19,V22,V22,V234,V22,
,A041,Important child qualities: unselfishness,Q16,V20,V20,V23,V23,V235,V23,
,A042,Important child qualities: obedience,Q17,V21,V21,V24,V24,V236,V24,
,A043B,Important child qualities: Self-expression,,V22,,,,,,
,A044,What children should learn 1,,,,,V25,,,
,A045,What children should learn 2,,,,,V26,,,
,A046,Abortion when the mothers health is at risk,,,,,,V237,,
,A047,Abortion when child physically handicapped,,,,,,V238,,
,A048,Abortion when woman not married,,,,,,V239,,
,A049,Abortion if not wanting more children,,,,,,V240,,
,A057,Spend time with parents or other relatives,,,,V27,,,,
,A058,Spend time with friends,,,,V28,,,,
,A059,Spend time with colleagues from work,,,,V29,,,,
,A060,"Spend time with people at your church, mosque or synagogue",,,,V30,,,,
,A061,"Spend time with people at sport, culture, communal organization",,,,V31,,,,
,A062,How often discusses political matters with friends,Q200,,,V32,V37,V10,V37,
,A063,"Persuading friends, relatives or fellow workers",,,,,,V11,,
,A064,Member: Belong to social welfare service for elderly,,,,V39,,V19,,
,A065,Member: Belong to religious organization,Q94R,,,V40,,V20,,
,A066,"Member: Belong to education, arts, music or cultural activities",Q96R,,,V41,,V21,,
,A067,Member: Belong to labour unions,Q97R,,,V42,,V22,,
,A068,Member: Belong to political parties,Q98R,,,V43,,V23,,
,A069,Member: Belong to local political actions,,,,V44,,V24,,
,A070,Member: Belong to human rights,,,,V45,,V25,,
,A071,"Member: Belong to conservation, the environment, ecology, animal rights",Q99R,,,V46,,,,
,A071B,"Member: Belong to conservation, the environment, ecology",,,,,,V26,,
,A071C,Member: Belong to animal rights,,,,,,V32,,
,A072,Member: Belong to professional associations,Q100R,,,V47,,V27,,
,A073,Member: Belong to youth work,,,,V48,,V28,,
,A074,Member: Belong to sports or recreation,Q95R,,,V49,,V29,,
,A075,Member: Belong to women´s group,Q104R,,,V50,,V30,,
,A076,Member: Belong to peace movement,,,,V51,,V31,,
,A077,Member: Belong to organization concerned with health,,,,V52,,V33,,
,A078,Belong: Consumer groups,Q102R,,,,,,,
,A079,Member: Belong to other groups,Q105R,,,V53,,V34,,
,A080,Member: Belong to none,,,,,,V35,,
,A080_01,Member: Humanitarian or charitable organization,Q101R,,,,,,,
,A080_02,"Member:  Self-help group, mutual aid group",Q103R,,,,,,,
,A081,"Voluntary work: Unpaid work social welfare service for elderly, handicapped or deprived people",,,,V54,,V37,,
,A082,Voluntary work: Unpaid work religious or church organization,,,,V55,,V38,,
,A083,"Voluntary work: Unpaid work education, arts, music or cultural activities",,,,V56,,V39,,
,A084,Voluntary work: Unpaid work labour unions,,,,V57,,V40,,
,A085,Voluntary work: Unpaid work political parties or groups,,,,V58,,V41,,
,A086,Voluntary work: Unpaid work local political action groups,,,,V59,,V42,,
,A087,Voluntary work: Unpaid work human rights,,,,V60,,V43,,
,A088,"Voluntary work: Unpaid work environment, conservation, animal rights",,,,V61,,,,
,A088B,"Voluntary work: Unpaid work environment, conservation, ecology",,,,,,V44,,
,A088C,Voluntary work: Unpaid work animal rights,,,,,,V50,,
,A089,Voluntary work: Unpaid work professional associations,,,,V62,,V45,,
,A090,Voluntary work: Unpaid work youth work,,,,V63,,V46,,
,A091,Voluntary work: Unpaid work sports or recreation,,,,V64,,V47,,
,A092,Voluntary work: Unpaid work women´s group,,,,V65,,V48,,
,A093,Voluntary work: Unpaid work peace movement,,,,V66,,V49,,
,A094,Voluntary work: Unpaid work organization concerned with health,,,,V67,,V51,,
,A096,Voluntary work: Unpaid work other groups,,,,V67B,,V52,,
,A097,Voluntary work: Unpaid work none,,,,,,V53,,
,A098,Active/Inactive membership of church or religious organization,Q94,V25,V24,,V28,,V28,
,A099,Active/Inactive membership of sport or recreation,Q95,V26,V25,,V29,,,
,A100,"Active/Inactive membership of art, music, educational",Q96,V27,V26,,V30,,V30,
,A101,Active/Inactive membership of labour unions,Q97,V28,V27,,V31,,V31,
,A102,Active/Inactive membership of political party,Q98,V29,V28,,V32,,V32,
,A103,Active/Inactive membership of environmental organization,Q99,V30,V29,,V33,,V33,
,A104,Active/Inactive membership of professional organization,Q100,V31,V30,,V34,,V34,
,A105,Active/Inactive membership of charitable/humanitarian organization,Q101,V32,V31,,V35,,V35,
,A106,Active/Inactive membership of any other organization,Q105,V35,V33,,V36,,,
,A106B,Active/Inactive membership: Consumer organization,Q102,V33,,,,,,
,A106C,"Active/Inactive membership: Self-help group, mutual aid group",Q103,V34,,,,,,
,A106D,Active/Inactive membership: Women’s group,Q104,,,,,,,
,A107,Reasons voluntary work: Solidarity with the poor and disadvantaged,,,,,,V55,,
,A108,Reasons voluntary work: Compassion for those in need,,,,,,V56,,
,A109,Reasons voluntary work: Opportunity to repay something,,,,,,V57,,
,A110,"Reasons voluntary work: Sense of duty, moral, obligation",,,,,,V58,,
,A111,Reasons voluntary work: Identifying with people who suffer,,,,,,V59,,
,A112,Reasons voluntary work: Time on my hands,,,,,,V60,,
,A113,Reasons voluntary work: Personal satisfaction,,,,,,V61,,
,A114,Reasons voluntary work: Religious belief,,,,,,V62,,
,A115,Reasons voluntary work: Help disadvantaged people,,,,,,V63,,
,A116,Reasons voluntary work: Make a contribution to my local community,,,,,,V64,,
,A117,Reasons voluntary work: Bring about social or political change,,,,,,V65,,
,A118,Reasons voluntary work: For social reasons,,,,,,V66,,
,A119,Reasons voluntary work: Gain new skills and useful experience,,,,,,V67,,
,A120,"Reasons voluntary work: Did not want to, but could not refuse",,,,,,V68,,
,A124_01,Neighbours: People with a criminal record,,,V43_01,V68,V51,V69,V51,
,A124_02,Neighbours: People of a different race,Q19,V37,V35,V69,V52,V70,V52,
,A124_03,Neighbours: Heavy drinkers,Q24,V42,V40,V70,V54,V72,V54,
,A124_04,Neighbours: Emotionally unstable people,,,V43_02,V71,V55,V75,V55,
,A124_05,Neighbours: Muslims,EVS_v28,,V43_03,V72,V56_01,V76,V56,
,A124_06,Neighbours: Immigrants/foreign workers,Q21,V39,V37,V73,V57,V77,V57,
,A124_07,Neighbours: People who have AIDS,Q20,V38,V36,V74,V58,V78,,
,A124_08,Neighbours: Drug addicts,Q18,V36,V34,V75,V59,V79,,
,A124_09,Neighbours: Homosexuals,Q22,V40,V38,V76,V60,V80,,
,A124_10,Neighbours: Jews,EVS_v29,,V43_04,V77_01,V56_02,V81,,
,A124_11,Neighbours: Evangelists,,,V43_05,V77_02,,,,
,A124_12,Neighbours: People of a different religion,Q23,V41,V39,V77_03,V56_03,,,
,A124_13,Neighbours: People of the same religion,,,,V77_04,,,,
,A124_14,Neighbours: Militant minority,,,V43,V77_05,,,,
,A124_15,Neighbours: Zoroastrians,,,,V77_06,,,,
,A124_16,Neighbours: People not from country of origin,,,V43_06,V77_07,,,,
,A124_17,Neighbours: Gypsies,EVS_v30,V44_ES,V43_26,V77_08,V56_14,,,
,A124_18,Neighbours: Political Extremists,,,V43_07,V77_09,V53,V82A,V53,
,A124_19,Neighbours: Trafficants,,,,V77_10,V56_04,,,
,A124_20,Neighbours: Indians or Lebanese,,,,V77_11,,,,
,A124_21,Neighbours: Chinese or Philippino Chinese,,,,V77_12,,,,
,A124_22,Neighbours: Spiritists,,,,V77_13,,,,
,A124_23,Neighbours: Protestants,,,,V77_14,,,,
,A124_24,Neighbours: Christians,EVS_v27,,V43_08,V77_15,V56_07,,,
,A124_25,Neighbours: Witchdoctors and related labels,,,,V77_16,,,,
,A124_27,Neighbours: Right wing extremists,,,,,,V73,,
,A124_28,Neighbours: People with large families,,,,,,V74,,
,A124_29,Neighbours: Hindus,,,,,,V82,,
,A124_30,Neighbours: North-American persons,,,,V77_20,V56_05,,,
,A124_31,Neighbours: Haitians,,,,,V56_06,,,
,A124_32,Neighbours: Members of new religious movements,,,,,V56_08,,,
,A124_33,"Neighbours: Jews, Arabs, Asians, gypsies, etc",,,,,V56_09,,,
,A124_34,Neighbours: Black people,,,V43_17,,V56_10,,,
,A124_35,Neighbours: White people,,,V43_18,,V56_11,,,
,A124_36,Neighbours: Coloured people,,,V43_19,,V56_12,,,
,A124_37,Neighbours: Indians,,,V43_20,,V56_13,,,
,A124_38,"Neighbours: Kurds, Esids",,,V43_21,V77_18,V56_15,,,
,A124_42,Neighbours: Unmarried couples living together,Q25,V43,V41,,,,,
,A124_43,Neighbours: People who speak a different language,Q26,V44,V42,,,,,
,A124_45,Neighbours: Sunnis,,,V43_09,V77_17,,,,
,A124_46,Neighbours: Shia,,,V43_10,V77_19,,,,
,A124_47,Neighbours: French,,,V43_11,V77_21,,,,
,A124_48,Neighbours: British,,,V43_12,V77_22,,,,
,A124_49,Neighbours: Iranian,,,V43_13,V77_23,,,,
,A124_50,Neighbours: Kuwaiti,,,V43_14,V77_24,,,,
,A124_51,Neighbours: Turkish,,,V43_15,V77_25,,,,
,A124_52,Neighbours: Jordanian,,,V43_16,V77_26,,,,
,A124_53,Neighbours: Kildani,,,,V77_27,,,,
,A124_54,Neighbours: Indigenes; Aborigenes,,,V43_22,,,,,
,A124_55,Neighbours: Maori,,,V43_23,,,,,
,A124_56,Neighbours: Pacific Islanders,,,V43_24,,,,,
,A124_57,Neighbours: Europeans/Pakeha,,,V43_25,,,,,
,A124_58,Neighbours: Americans,,,V43_27,,,,,
,A124_59,Neighbours: Chaldean,,,V43_28,,,,,
,A124_60,Neighbours: Mapuches,,,V43_29,,,,,
,A124_61,Neighbours: Russians,,,V43_30,,,,,
,A165,Most people can be trusted,Q57,V24,V23,V25,V27,V94,V27,
,A168,Do you think most people try to take advantage of you,,V56_NZ,,V26,,,,
,A168A,Do you think most people try to take advantage of you (10 point scale),,V56,V47,,,,,
,A169,Good human relationships,,,,V38,V48,,,
,A170,Satisfaction with your life,Q49,V23,V22,V81,V65,V96,V65,
,A173,How much freedom of choice and control,Q48,V55,V46,V82,V66,V95,V66,
,A174,Membership consumer organisation,,,V32,,,,,
,A189,Schwartz: It is important to this person to think up new ideas and be creative,,V70,V80,,,,,
,A190,Schwartz: It is important to this person to be rich,,V71,V81,,,,,
,A191,Schwartz: It is important to this person living in secure surroundings,,V72,V82,,,,,
,A192,Schwartz: It is important to this person to have a good time,,V73,V83,,,,,
,A193,Schwartz: It is important to this person to help the people nearby,,V74B,V84,,,,,
,A194,Schwartz: It is important to this person being very successful,,V75,V85,,,,,
,A195,Schwartz: It is important to this person adventure and taking risks,,V76,V86,,,,,
,A196,Schwartz: It is important to this person to always behave properly,,V77,V87,,,,,
,A197,Schwartz: It is important to this person looking after the environment,,V78,V88,,,,,
,A198,Schwartz: It is important to this person tradition,,V79,V89,,,,,
,A199,Schwartz: It is important to this person to do something for the good of society,,V74,,,,,,
,A200,Social position: People in their 20s,,V157,,,,,,
,A201,Social position: People in their 40s,,V158,,,,,,
,A202,Social position: People in their 70s,,V159,,,,,,
,A203,Is a 30-year old boss acceptable,,V160,,,,,,
,A204,People over 70: are seen as friendly,,V161,,,,,,
,A205,People over 70: are seen as competent,,V162,,,,,,
,A206,People over 70: viewed with respect,,V163,,,,,,
,A207,Is a 70-year old boss acceptable,,V164,,,,,,
,A208,Older people are not respected much these days,,V165,,,,,,
,A209,Older people get more than their fair share from the government,,V166,,,,,,
,A210,Older people are a burden on society,,V167,,,,,,
,A211,Companies that employ young people perform better than those that employ people of different ages,,V168,,,,,,
,A212,Old people have too much political influence,,V169,,,,,,
,A213,I see myself as someone who: is reserved,,V160A,,,,,,
,A214,I see myself as someone who: is generally trusting,,V160B,,,,,,
,A215,I see myself as someone who: tends to be lazy,,V160C,,,,,,
,A216,"I see myself as someone who: is relaxed, handles stress well",,V160D,,,,,,
,A217,I see myself as someone who: has few artistic interests,,V160E,,,,,,
,A218,"I see myself as someone who: is outgoing, sociable",,V160F,,,,,,
,A219,I see myself as someone who: tends to find fault with others,,V160G,,,,,,
,A220,I see myself as someone who: does a thorough job,,V160H,,,,,,
,A221,I see myself as someone who: gets nervous easily,,V160I,,,,,,
,A222,I see myself as someone who: has an active imagination,,V160J,,,,,,
,B001,Would give part of my income for the environment,,,V105,V33,,V12,,
,B002,Increase in taxes if used to prevent environmental pollution,,,V106,V34,V38,V13,,
,B003,Government should reduce environmental pollution,,,V107,V35,,V14,,
,B004,Would buy things at a 20% higher price if it helped to protect environment,,,,,V39,,,
,B005,All talk about the environment make people anxious,,,,,,V15,,
,B006,"Combatting unemployment, we have to accept environmental problems",,,,,,V16,,
,B007,Protecting environment and fighting pollution is less urgent than suggested,,,,,,V17,,
,B008,Protecting environment vs. Economic growth,Q111,V81,V104,V36,V41,,,
,B009,Human & nature,,,,V37,V49,,,
,B010,[Country]s environmental problems can be solved without any international agreements to handle them,,,,,V40,,,
,B011,Environmental action: chosen products that are better for environment,,,,,V42,,,
,B012,Environmental action: recycle,,,,,V43,,,
,B013,Environmental action: reduce water consumption,,,,,V44,,,
,B014,"Environmental action: attend meeting, signed petition",,,,,V45,,,
,B015,Environmental action: contributed to environmental organization,,,,,V46,,,
,B016,Tradition vs. high economic growth,,,,,V47,,,
,B017,Humanity has a bright or bleak future,,,,,V50,,,
,B018,Environmental problems in your community: Poor water quality.,,,V108,,,,,
,B019,Environmental problems in your community: Poor air quality.,,,V109,,,,,
,B020,Environmental problems in your community: Poor sewage and sanitation.,,,V110,,,,,
,B021,Environmental problems in the world: Global warming or the greenhouse effect.,,,V111,,,,,
,B022,Environmental problems in the world: Loss of plant or animal species or biodiversity.,,,V112,,,,,
,B023,"Environmental problems in the world: Pollution of rivers, lakes and oceans.",,,V113,,,,,
,B030,Past two years: given money to ecological organization,,V82,,,,,,
,B031,Past two years: participated in demonstration for environment,,V83,,,,,,
,C001,Jobs scarce: Men should have more right to a job than women (3 categories),Q33_3,V45,V44,V78,V61,V128,,
,C001_01,Jobs scarce: Men should have more right to a job than women (5 categories),Q33,,,,,,,
,C002,Jobs scarce: Employers should give priority to (nation) people than immigrants (3 categories),Q34_3,V46,V45,V79,V63,V130,,
,C002_01,Jobs scarce: Employers should give priority to (nation) people than immigrants (5 categories),Q34,,,,,,,
,C004,Jobs scarce: older people should be forced to retire,,,,,V62,V129,,
,C005,Unfair to give work to handicapped people when able bodied people can´t find jobs,,,,,,V131,,
,C006,Satisfaction with financial situation of household,Q50,V59,V68,V80,V64,V132,V64,
,C008,Work compared with Leisure,,,,V83,V72,,,
,C009,"First choice, if looking for a job",,,V48,V84,V73,,,
,C010,Second choice if looking for a job,,,V49,V85,V74,,,
,C011,Important in a job: good pay,EVS_v40,,,V86,V75,V99,V75,
,C012,Important in a job: not too much pressure,,,,V87,V76,V101,V76,
,C013,Important in a job: good job security,,,,V88,V77,V102,V77,
,C014,Important in a job: a respected job,,,,V89,V78,V104,V78,
,C015,Important in a job: good hours,EVS_v41,,,V90,V79,V105,V79,
,C016,Important in a job: an opportunity to use initiative,EVS_v42,,,V91,V80,V106,V80,
,C017,Important in a job: generous holidays,EVS_v43,,,V92,V81,V108,V81,
,C018,Important in a job: that you can achieve something,EVS_v44,,,V93,V82,V110,V82,
,C019,Important in a job: a responsible job,EVS_v45,,,V94,V83,V111,V83,
,C020,Important in a job: a job that is interesting,,,,V95,V84,V112,V84,
,C021,Important in a job: a job that meets one´s abilities,,,,V96,V85,V113,V85,
,C022,Important in a job: pleasant people to work with,,,,,,V100,,
,C023,Important in a job: good chances for promotion,,,,,,V103,,
,C024,Important in a job: a useful job for society,,,,,,V107,,
,C025,Important in a job: meeting people,,,,,,V109,,
,C031,Degree of pride in your work,,,,,,V115,,
,C033,Job satisfaction,,,,,,V116,,
,C034,Freedom decision taking in job,,,,,,V117,,
,C036,To develop talents you need to have a job,EVS_v46,,V50,V97,,,,
,C037,Humiliating to receive money without having to work for it,,,V51,V98,,,,
,C038,People who don´t work turn lazy,Q39,,V52,V99,,,,
,C039,Work is a duty towards society,Q40,,V53,V100,,,,
,C040,People should not have to work if they don´t want to,,,,V101,,,,
,C041,Work should come first even if it means less spare time,Q41,,V54,V102,,,,
,C042B1,Why people work: work is like a business transaction,,,,,,V118,,
,C042B2,Why people work: I do the best I can regardless of pay,,,,,,V119,,
,C042B3,Why people work: I wouldn’t work if I didn’t have to,,,,,,V120,,
,C042B4,Why people work: I wouldn´t work if work interfered my life,,,,,,V121,,
,C042B5,Why people work: work most important in my life,,,,,,V122,,
,C042B6,Why people work: I never had a paid job,,,,,,V123,,
,C042B7,Why people work: don’t know,,,,,,V124,,
,C059,Fairness: One secretary is paid more,,,V115,V103,V86,V125,V86,
,C060,How business and industry should be managed,,,,V104,V87,V126,V87,
,C061,Following instructions at work,,,,V105,V88,V127,V88,
,C062,Work: until satisfied with results,,,,,V67,,,
,C063,Work: accomplish personal goals,,,,,V68,,,
,C064,Work: stay up late to finish,,,,,V69,,,
,COUNTRY_ALPHA,ISO 3166-1 alpha-3 country code,B_COUNTRY_ALPHA,B_COUNTRY_ALPHA,B_COUNTRY_ALPHA,B_COUNTRY_ALPHA,B_COUNTRY_ALPHA,B_COUNTRY_ALPHA,B_COUNTRY_ALPHA,
,COW_ALPHA,CoW country code alpha,C_COW_ALPHA,C_COW_ALPHA,C_COW_ALPHA,C_COW_ALPHA,C_COW_ALPHA,C_COW_ALPHA,C_COW_ALPHA,
,COW_NUM,CoW country code numeric,C_COW_NUM,COW,COW,COW,COW,COW,COW,
,D001,How much do you trust your family,,,,,,V340,,
,D001_B,How much you trust: Your family (B),Q58,V102,V125,,,,,
,D002,Satisfaction with home life,,,,,,V180,,
,D003,Sharing with partner: attitudes towards religion,,,,,,V183,,
,D004,Sharing with partner: moral standards,,,,,,V184,,
,D005,Sharing with partner: social attitudes,,,,,,V185,,
,D006,Sharing with partner: political views,,,,,,V186,,
,D007,Sharing with partner: sexual attitudes,,,,,,V187,,
,D008,Sharing with partner: no sharing attitudes,,,,,,V188,,
,D009,Sharing with partner: don´t know or missing,,,,,,V189,,
,D010,Sharing with parents: attitudes towards religion,,,,,,V190,,
,D011,Sharing with parents: moral standards´,,,,,,V191,,
,D012,Sharing with parents: social attitudes,,,,,,V192,,
,D013,Sharing with parents: political views,,,,,,V193,,
,D014,Sharing with parents: sexual attitudes,,,,,,V194,,
,D015,Sharing with parents: no sharing attitudes,,,,,,V195,,
,D016,Sharing with parents: don´t know or missing,,,,,,V196,,
,D017,Ideal number of children,,,,V108,V91,V213,V91,
,D018,Child needs a home with father and mother,,,V57,V109,V92,V214,V92,
,D019,A woman has to have children to be fulfilled,,,,V110,V93,V215,V93,
,D022,Marriage is an out-dated institution,,,V58,V111,V94,V216,V94,
,D023,Woman as a single parent,,,V59,V112,V96,V217,V96,
,D024,Enjoy sexual freedom,,,,,V95,V197,V95,
,D025,If only one child allowed: boy or girl,,,,,V97,,,
,D026_03,Duty towards society to have children,Q37,,,,,,,
,D026_05,It is childs duty to take care of ill parent,Q38,,,,,,,
,D027,Important for succesful marriage: Faithfulness,EVS_v65,,,,,V198,,
,D028,Important for succesful marriage: Adequate income,EVS_v66,,,,,V199,,
,D029,Important for succesful marriage: Same social background,,,,,,V200,,
,D030,Important for succesful marriage: Respect and appreciation,,,,,,V201,,
,D031,Important for succesful marriage: Religious beliefs,,,,,,V202,,
,D032,Important for succesful marriage: Good housing,EVS_v67,,,,,V203,,
,D033,Important for succesful marriage: Agreement on politics,,,,,,V204,,
,D034,Important in succesful marriage: Understanding and tolerance,,,,,,V205,,
,D035,Important for succesful marriage: Apart from in-laws,,,,,,V206,,
,D036,Important for succesful marriage: Happy sexual relationship,,,,,,V207,,
,D037,Important for succesful marriage: Sharing household chores,EVS_v68,,,,,V208,,
,D038,Important for succesful marriage: Children,EVS_v69,,,,,V209,,
,D043,Important for succesful marriage: Tastes and interests in common,,,,,,V210,,
,D054,One of main goals in life has been to make my parents proud,Q27,V49,V64,V113,V70,,,
,D055,Make effort to live up to what my friends expect,,,V66,V114,V71,,,
,D056,Relationship working mother,,,,V115,V98,V218,,
,D057,Being a housewife just as fulfilling,Q32,V54,V60,V116,V99,V221,,
,D058,Husband and wife should both contribute to income,,,,V117,V100,V223,,
,D059,Men make better political leaders than women do,Q29,V51,V61,V118,V101,,,
,D060,University is more important for a boy than for a girl,Q30,V52,V62,V119,V103,,,
,D061,Pre-school child suffers with working mother,Q28,V50,,,,V219,,
,D062,Women want a home and children,EVS_v73,,,,,V220,,
,D063,Job best way for women to be independent,,,,,,V222,,
,D063_B,Job best way for women to be independent (b),,V48,,,,,,
,D066,Problem if women have more income than husband (4 categories),,,,,V102,,,
,D066_01,Problem if women have more income than husband (5 categories),Q35,,,,,,,
,D066_B,Problem if women have more income than husband (3 categories),Q35_3,V47,,,,,,
,D067,Traits in a woman: Woman wearing weil,,,,IV81,,,,
,D068,Traits in a woman: Woman good mother,,,,IV82,,,,
,D069,Traits in a woman: Woman good wife,,,,IV83,,,,
,D070,Traits in a woman: Woman religious,,,,IV84,,,,
,D071,Traits in a woman: Woman educated,,,,IV85,,,,
,D072,Traits in a woman: Woman being independent,,,,IV88,,,,
,D073,Traits in a woman: Woman having work outside home,,,,IV89,,,,
,D074,Traits in a woman: Woman maintaining her family,,,,IV90,,,,
,D075,Traits in a woman: Woman being sociable,,,,IV91,,,,
,D076,More than one wife,,,,IV86,,,,
,D077,Wife must obey,,,,IV87,,,,
,D078,Men make better business executives than women do,Q31,V53,V63,,,,,
,D079,I seek to be myself rather than to follow others,,,V65,,,,,
,D080,I decide my goals in life by myself,,,V67,,,,,
,D081,Homosexual couples are as good parents as other couples,Q36,,,,,,,
,E001,Aims of country: first choice,Q152,V60,V69,V120,V104,V257,,
,E002,Aims of country: second choice,Q153,V61,V70,V121,V105,V258,,
,E003,Aims of respondent: first choice,Q154,V62,V71,V122,V106,V259,V106,
,E004,Aims of respondent: second choice,Q155,V63,V72,V123,V107,V260,V107,
,E005,Most important: first choice,Q156,V64,V73,V124,V108,V261,,
,E006,Most important: second choice,Q157,V65,V74,V125,V109,V262,,
,E007,National goals: Maintaining order in the nation,,,,,V237A,,,
,E008,National goals: Giving people more say,,,,,V237B,,,
,E009,National goals: Fighting rising prices,,,,,V237C,,,
,E010,National goals: free speech,,,,,V237D,,,
,E012,Willingness to fight for country,Q151,V66,V75,V126,V110,V263,V110,
,E014,Future changes: Less emphasis on money and material possessions,,,,V127,V111,V264,V111,
,E015,Future changes: Less importance placed on work,Q43,V67,V76,V128,V112,V265,V112,
,E016,Future changes: More emphasis on technology,Q44,V68,V77,V129,V113,V266,V113,
,E017,Future changes: More emphasis on individual,,,,,,V267,,
,E018,Future changes: Greater respect for authority,Q45,V69,V78,V130,V114,V268,V114,
,E019,Future changes: More emphasis on family life,,,V79,V131,V115,V269,V115,
,E020,Future changes: A simple and more natural lifestyle,,,,,,V270,,
,E022,Opinion about scientific advances,,,V90,V132,V116,V271,V116,
,E023,Interest in politics,Q199,V84,V95,V133,V117,V241,V117,
,E025,Political action: Signing a petition,Q209,V85,V96,V134,V118,V242,V118,
,E025B,Political action recently done: signing a petition,,V90,V100,,,,,
,E026,Political action: joining in boycotts,Q210,V86,V97,V135,V119,V243,V119,
,E026B,Political action recently done: joining in boycotts,,V91,V101,,,,,
,E027,Political action: attending lawful/peaceful demonstrations,Q211,V87,V98,V136,V120,V244,V120,
,E028,Political action: joining unofficial strikes,Q212,V88,,V137,V121,V245,V121,
,E028B,Political acition recently done: Joining strikes,,V93,,,,,,
,E029,Political action: occupying buildings or factories,,,,V138,V122,V246,V122,
,E032,Freedom or equality,,,,,,V247,,
,E033,Self positioning in political scale,Q240,V95,V114,V139,V123,V248,V123,
,E034,Basic kinds of attitudes concerning society,Q42,,,V140,V124,V249,V124,
,E035,Income equality,Q106,V96,V116,V141,V125,V250,,
,E036,Private vs state ownership of business,Q107,V97,V117,V142,V126,V251,,
,E037,Government responsibility,Q108,V98,V118,V143,V127,V252,,
,E038,Job taking of the unemployed,,,,,,V253,,
,E039,Competition good or harmful,Q109,V99,V119,V144,V128,V254,,
,E040,Hard work brings success,Q110,V100,V120,,V129,V255,,
,E041,Wealth accumulation,,V101,V121,,V130,V256,,
,E045,Major changes in life,,,,,V131,V323,,
,E046,New and old ideas,,,,V145,V132,V324,,
,E047,"Personal characteristics: Changes, worry or welcome possibility",,,,,,V325,,
,E048,Personal characteristics: I usually count on being successful in everything I do,,,,,,V326,,
,E049,Personal characteristics: I enjoy convincing others of my opinion,,,,,,V327,,
,E050,Personal characteristics: I serve as a model for others,,,,,,V328,,
,E051,Personal characteristics: I am good at getting what I want,,,,,,V329,,
,E052,Personal characteristics: I own many things others envy me for,,,,,,V330,,
,E053,Personal characteristics: I like to assume responsibility,,,,,,V331,,
,E054,Personal characteristics: I am rarely unsure about how I should behave,,,,,,V332,,
,E055,Personal characteristics: I often give others advice,,,,,,V333,,
,E056,Personal characteristics: None of the above,,,,,,V334,,
,E057,The economic system needs fundamental changes,,,,,,V335,,
,E058,Our government should be made much more open to the public,,,,,,V336,,
,E059,Allow more freedom for individuals,,,,,,V337,,
,E060,I could do nothing about an unjust law,,,,,,V338,,
,E061,Political reform is moving too rapidly,,,,,,V339,,
,E062,Importation of goods,,,,,V133,,,
,E063,Current society: Egalitarian vs. competitive society,,,,V145A,,,,
,E064,Current society: Extensive welfare vs. low taxes,,,,V145B,,,,
,E065,Current society: Regulated vs. responsible society,,,,V145C,,,,
,E066,Society aimed:  egalitarian vs. competitive,,,,V145D,,,,
,E067,Society aimed: extensive welfare vs. low taxes,,,,V145E,,,,
,E068,Society aimed: regulated vs. responsible society,,,,V145F,,,,
,E069_01,Confidence: Churches,Q64,V108,V131,V147,V135,V272,V135,
,E069_02,Confidence: Armed Forces,Q65,V109,V132,V148,V136,V273,V136,
,E069_03,Confidence: Education System,EVS_v117,,V146_11,,,V274,,
,E069_04,Confidence: The Press,Q66,V110,V133,V149,V138,V276,V138,
,E069_05,Confidence: Labour Unions,Q68,V112,V135,V151,V140,V277,V140,
,E069_06,Confidence: The Police,Q69,V113,V136,V152,V141,V278,V141,
,E069_07,Confidence: Parliament,Q73,V117,V140,V155,V144,V279,V144,
,E069_08,Confidence: The Civil Services,Q74,V118,V141,V156,V145,V280,V145,
,E069_09,Confidence: Social Security System,EVS_v123,,,,,V282,,
,E069_10,Confidence: Television,Q67,V111,V134,V150,V139,V283,,
,E069_11,Confidence: The Government,Q71,V115,V138,V153,V142,V289,,
,E069_12,Confidence: The Political Parties,Q72,V116,V139,V154,V143,V285,,
,E069_13,Confidence: Major Companies,Q77,V120,V142,V157,V146,V281,V146,
,E069_14,Confidence: The Environmental Protection Movement,Q79,V122,V143,V158,V147,,,
,E069_15,Confidence: The Women´s Movement,Q80,V123,V144,V159,V148,,,
,E069_17,Confidence: Justice System/Courts,Q70,V114,V137,,V137,V275,V137,
,E069_18,Confidence: The European Union,Q82_EU,V125_00,V146_00,V160,V149_00,V283B,,
,E069_18A,Confidence: Major regional organization (combined from country-specific),Q82,V125REG,V146REG,V160REG,V149REG,,,
,E069_19,Confidence: NATO,Q86,,V146_01,V161,,V284,,
,E069_20,Confidence: The United Nations,Q83,V126,V147,V162,V150,,,
,E069_21,Confidence: The Arab League,Q82_ARABLEAGUE,V125_15,V146_02,V160B,,,,
,E069_22,Confidence: The Association of South East Asian Nations -ASEAN,Q82_ASEAN,V125_09,,V160C,V149_06,,,
,E069_23,Confidence: The Organization for African Unity-OAU,,V125_08,V146_04,V160D,V149_04,,,
,E069_24,Confidence: The NAFTA,Q82_NAFTA,V125_05,V146_05,V160E,V149_07,,,
,E069_25,Confidence: The Andean pact,,,,V160F,V149_09,,,
,E069_26,Confidence: The Mercosur,Q82_MERCOSUR,V125_06,V146_06,V160G,V149_01,,,
,E069_27,Confidence: The SAARC,Q82_SAARC,V125_12,,V160H,V149_02,,,
,E069_28,Confidence: The ECO,,,,V160I,,,,
,E069_29,Confidence: The APEC,Q82_APEC,V125_01,V146_07,V160J,V149_03,,,
,E069_30,Confidence: The Free Commerce Treaty (Tratado de libre comercio),Q82_TLC,V125_14,,V160K,V149_08,,,
,E069_31,Confidence: The United American States Organization (Organización de Estados Unidos Americanos - OEA),,,V146_08,V160L,V149_05,,,
,E069_32,Confidence: The “Movimiento en pro de Vieques”(Puerto Rico),,,,V160M,,,,
,E069_33,Confidence: Local/Regional Government,,,V146_09,V160N,,,,
,E069_34,Confidence: SADC/SADEC,,,,V160O,,,,
,E069_35,Confidence: East African Cooperation (EAC),,,,V160P,,,,
,E069_38,Confidence: The Presidency,,,,V160Q,,,,
,E069_39,Confidence: The Civil Society Groups,,,,V160R,,,,
,E069_40,Confidence: Charitable or humanitarian organizations,Q81,V124,V145,,,,,
,E069_41,Confidence: Banks,Q78,V121,V146_15,,,,,
,E069_42,Confidence: CARICOM,,V125_02,V146_19,,,,,
,E069_43,Confidence: CIS,Q82_CIS,V125_07,V146_14,,,,,
,E069_44,Confidence: Confidence in CER with Australia,,V125_10,V146_10,,,,,
,E069_45,Confidence: International Monetary Found (IMF),Q84,,V146_18,,,,,
,E069_46,Confidence: Non governmental Organizations (NGOs),,,V146_17,,,,,
,E069_47,Confidence: The American Forces,,,V146_13,,,,,
,E069_48,Confidence: The non-Iraqi television,,,V146_12,,,,,
,E069_49,Confidence: TV News,,,V146_16,,,,,
,E069_51,Confidence: Religious leaders,,,V146_20,,,,,
,E069_52,Confidence: Evangelic Church,,,V146_21,,,,,
,E069_54,Confidence: Universities,Q75,V119,,,,,,
,E069_55,Confidence: The Organization of the Islamic World,Q82_ISLCOOP,V125_04,,,,,,
,E069_56,Confidence: The Organization of American States (OAE),Q82_OAS,V125_11,,,,,,
,E069_57,Confidence: UNASUR,,V125_13,,,,,,
,E069_58,Confidence: The Arab Maghreb Union,,V125_03,,,,,,
,E069_59,Confidence: Cooperation Council for the Arab states of Gulf (GCC),Q82_GULFCOOP,V125_16,,,,,,
,E069_60,Confidence: Mainland government,,V125_17,,,,,,
,E069_61,Confidence: The World Trade Organization (WTO),Q89,,,,,,,
,E069_62,Confidence: The World Health Organization (WHO),Q88,,,,,,,
,E069_63,Confidence: The World Bank,Q87,,,,,,,
,E069_64,Confidence: Elections,Q76,,,,,,,
,E069_65,Confidence: International Criminal Court (ICC),Q85,,,,,,,
,E069_66,Confidence: UNDP United Nations Development Programme,Q82_UNDP,,,,,,,
,E069_67,Confidence: The African Union (AU),Q82_AFRICANUNION,,,,,,,
,E104,Approval: Ecology movement or nature protection,,,,,,V290,,
,E105,Approval: Anti-nuclear energy movement,,,,,,V291,,
,E106,Approval: Disarmament movement,,,,,,V292,,
,E107,Approval: Human rights movement,,,,,,V293,,
,E108,Approval: Women’s movement,,,,,,V294,,
,E109,Approval: Anti-apartheid movement,,,,,,V295,,
,E110,Satisfaction with the way democracy develops,,,,V168,EE_167,,,
,E111,Rate political system for governing country,,,,V163A,V152,,,
,E111_01,Satisfaction with the political system performance,Q252,,,,,,,
,E112,Rate political system as it was before,,,,V163,V151,,,
,E113,Rate political system in ten years,,,,V163B,V153,,,
,E114,Political system: Having a strong leader,Q235,V127,V148,V164,V154,,,
,E115,Political system: Having experts make decisions,Q236,V128,V149,V165,V155,,,
,E116,Political system: Having the army rule,Q237,V129,V150,V166,V156,,,
,E117,Political system: Having a democratic political system,Q238,V130,V151,V167,V157,,,
,E117B,Political system: Having a system governed by religious law in which there are no political parties or elections,Q239,,,,,,,
,E118,Firm party leader vs. Cooperating party leader,,,,,V158,,,
,E119,Government order vs. freedom,,,,,V159,,,
,E120,"In democracy, the economic system runs badly",,,,V169,V160,,,
,E121,Democracies are indecisive and have too much squabbling,,,,V170,V161,,,
,E122,Democracies aren´t good at maintaining order,,,,V171,V162,,,
,E123,Democracy may have problems but is better,,,,V172,V163,,,
,E124,Respect for individual human rights nowadays,Q253,V142,V164,V173,EE_168,,,
,E125,Satisfaction with the people in national office,,,,V174,V165,,,
,E127,Free market economy right for country future,,,,,EE_166,,,
,E128,Country is run by big interest vs. for all people’s benefit,,,,V175,V166,V288,,
,E129,Economic aid to poorer countries,,,,V176,,,,
,E129A,Amount of foreign aid of this country,,,V175,,,,,
,E129B,How much more foreign aid this country should contribute,,,V176,,,,,
,E129C,Be willing to pay higher taxes in order to increase country´s foreign aid,,,V177,,,,,
,E129D,Economic aid to poorer countries (favor/against),,,,,V176,,,
,E130,Poverty compared to 10 years ago,,,,,V171,,,
,E131,Why are people in need,,,,,V172,,,
,E132,Chance to escape from poverty,,,,,V173,,,
,E133,How much is the government doing against poverty,,,,,V174,,,
,E134,Amount of help for less developed countries,,,,,V175,,,
,E135,Who should decide: international peacekeeping,,,V179,V177,,,,
,E136,Who should decide: protection of the environment,,,V180,V178,,,,
,E137,Who should decide: aid to developing countries,,,V181,V179,,,,
,E138,Who should decide: refugees,,,V182,V180,,,,
,E139,Who should decide: human rights,,,V183,V181,,,,
,E140,Country cannot solve environmental problems by itself,,,,V181A,,,,
,E141,Country cannot solve crime problems by itself,,,,V181B,,,,
,E142,Country cannot solve employment problems by itself,,,,V181C,,,,
,E143,Immigrant policy,Q130,,V124,V146,V134,,,
,E150,How often follows politics in the news,,,,V217,,,,
,E179_WVS7LOC,Which party would you vote for if there were a national election tomorrow (Local names),Q223_LOCAL,V228_LOCAL,V231_LOCAL,V220_local,V210_local,Q223_LOCAL,,
,E179WVS,Which party would you vote for: first choice (WVS),Q223,V228,V231,V220,V210,V351,,
,E180WVS,Which party would you vote for: second choice (WVS),,V228_2,V232,V221,V211,V352,,
,E182,Party that would never vote,,,V233,V222,V212,,,
,E184,Aggression from neighbouring country,,,,IV186,,,,
,E185,Exploitation of local resources,,,,IV187,,,,
,E186,Cultural invasion by the west,,,,IV188,,,,
,E188,Frequency watches TV,,,,V237B,V228,,,
,E189,TV most important entertainment,,,,V237,,,,
,E190,Why are there people living in need: first,,,,,,V97,,
,E191,Why are there people living in need: second,,,,,,V98,,
,E192,Least liked group in society,,,,,V167,,,
,E193,Least liked allow: hold office,,,,,V168,,,
,E194,Least liked allow: teach,,,,,V169,,,
,E195,Least liked allow: demonstrate,,,,,V170,,,
,E196,Extent of political corruption,,,,,V213,,,
,E198,Using violence for political goals not justified,,,,,V164,,,
,E203,Rapid implementation of market reforms have negative impact on national stability,,,,CSALG133,,,,
,E204,Effect of market economic reforms,,,,CSALG134,,,,
,E205,Political parties serve the social and political needs of people,,,,CSALG150,,,,
,E206,Free and fair elections will reduce terrorism,,,,CSALG152,,,,
,E207,[Country] should have close relations with France,,,,CSALG158,,,,
,E208,[Country] should have close relations with United States,,,,CSALG159,,,,
,E209,Would persist to immigrate abroad if R´s economic situation was better,,,,CSALG160,,,,
,E211,Opinion about the problem of Palestine and Israel,,,,ISL17,,,,
,E212,Opinion about 11th september airliners crash action by religious fundamentalists,,,,ISL18,,,,
,E213,Woman should not work outside unless forced to do so,,,,ISL20,,,,
,E214,Western democracy is the best political system for country,,,,ISL21,,,,
,E215,It is necessary to fight terrorism by military means,,,,ISL23,,,,
,E216,[Country] needs foreign military cooperation to combat terrorism,,,,ISL24,,,,
,E217,"Science and technology are making our lives healthier, easier, and more comfortable",Q158,V192,V91,,,,,
,E218,"Because of science and technology, there will be more opportunities for the next generation",Q159,V193,V92,,,,,
,E219,Science and technology make our way of life change too fast,,,V93,,,,,
,E220,We depend too much on science and not enough on faith,Q160,V194,V94,,,,,
,E221B,Political action recently done: Attending peaceful/lawful demonstrations,,V92,V102,,,,,
,E222,Political action: Other,,V89,V99,,,,,
,E222B,Political action recently done: Other,,V94,V103,,,,,
,E224,Democracy: Governments tax the rich and subsidize the poor.,Q241,V131,V152,,,,,
,E225,Democracy: Religious authorities interpret the laws.,Q242,V132,V153,,,,,
,E226,Democracy: People choose their leaders in free elections.,Q243,V133,V154,,,,,
,E227,Democracy: People receive state aid for unemployment.,Q244,V134,V155,,,,,
,E228,Democracy: The army takes over when government is incompetent.,Q245,V135,V156,,,,,
,E229,Democracy: Civil rights protect people’s liberty against oppression.,Q246,V136,V157,,,,,
,E230,Democracy: The economy is prospering.,,,V158,,,,,
,E231,Democracy: Criminals are severely punished.,,,V159,,,,,
,E232,Democracy: People can change the laws in referendums.,,,V160,,,,,
,E233,Democracy: Women have the same rights as men.,Q249,V139,V161,,,,,
,E233A,Democracy: The state makes people's incomes equal,Q247,V137,,,,,,
,E233B,Democracy: People obey their rulers,Q248,V138,,,,,,
,E234,"The world is better off, or worse off, because of science and technology",Q163,V197,V123,,,,,
,E235,Importance of democracy,Q250,V140,V162,,,,,
,E236,Democraticness in own country,Q251,V141,V163,,,,,
,E237,Heard of the Millennium Development Goals,,,V165,,,,,
,E238,Most serious problem of the world: 1st choice,,V80,V166,,,,,
,E239,Most serious problem of the world: 2nd choice,,,V167,,,,,
,E240,Most serious problem for own country: 1st choice,,,V168,,,,,
,E241,Most serious problem for own country: 2nd choice,,,V169,,,,,
,E242,MDG: Reduce extreme poverty,,,V170,,,,,
,E243,MDG: Increase primary education,,,V171,,,,,
,E244,MDG: Reduce child mortality,,,V172,,,,,
,E245,MDG: Fight HIV,,,V173,,,,,
,E246,MDG: Improve housing conditions,,,V174,,,,,
,E247,Priority: Global poverty versus National problems,,,V178,,,,,
,E248,Information source: Daily newspaper,,V217_ESMA,V223,,,,,
,E248B,Information source: Daily newspaper (B),Q201,V217,,,,,,
,E249,Information source: News broadcasts on radio or TV,,,V224,,,,,
,E250,Information source: Printed magazines,,V218_ESMA,V225,,,,,
,E250B,Information source: Printed magazines (B),,V218,,,,,,
,E251,Information source: In depth reports on radio or TV,,,V226,,,,,
,E252,Information source: Books,,,V227,,,,,
,E253,"Information source: Internet, Email",,,V228,,,,,
,E253B,"Information source: Social media (Facebook, Twitter, etc.)",Q207,,,,,,,
,E254,Information source: Talk with friends or colleagues,,V224_ESMA,V229,,,,,
,E254B,Information source: Talk with friends or colleagues (B),Q208,V224,,,,,,
,E255,How often use of PC,,V225,V230,,,,,
,E256,General party preference,,,V233A,,,,,
,E257,Voted in recent parliament elections,,,V234,,,,,
,E258,Information source: TV news,,V219_ESMA,,,,,,
,E258B,Information source: TV news (B),Q202,V219,,,,,,
,E259,Information source: Radio news,,V220_ESMA,,,,,,
,E259B,Information source: Radio news (B),Q203,V220,,,,,,
,E260,Information source: Mobile phone,,V221_ESMA,,,,,,
,E260B,Information source: Mobile phone (B),Q204,V221,,,,,,
,E261,Information source: Email,,V222_ESMA,,,,,,
,E261B,Information source: Email (B),Q205,V222,,,,,,
,E262,Information source: Internet,,V223_ESMA,,,,,,
,E262B,Information source: Internet (B),Q206,V223,,,,,,
,E263,Vote in elections: local level,Q221,V226,,,,,,
,E264,Vote in elections: National level,Q222,V227,,,,,,
,E265_01,How often in country's elections: Votes are counted fairly,Q224,V228A,,,,,,
,E265_02,How often in country's elections: Opposition candidates are prevented from running,Q225,V228B,,,,,,
,E265_03,How often in country's elections: TV news favors the governing party,Q226,V228C,,,,,,
,E265_04,How often in country's elections: Voters are bribed,Q227,V228D,,,,,,
,E265_05,How often in country's elections: Journalists provide fair coverage of elections,Q228,V228E,,,,,,
,E265_06,How often in country's elections: Election officials are fair,Q229,V228F,,,,,,
,E265_07,How often in country's elections: Rich people buy elections,Q230,V228G,,,,,,
,E265_08,How often in country's elections: Voters are threatened with  violence at the polls,Q231,V228H,,,,,,
,E265_09,How often in country's elections: Voters are offered a genuine choice in the elections,Q232,V228I,,,,,,
,E265_10,How often in country´s elections: Women have equal opportunities to run the office,Q233,,,,,,,
,E266,Some people think that having honest elections makes a lot of difference in their lives;  other people think that it doesn’t matter much,Q234,V228J,,,,,,
,E267,Importance of having honest elections in whether or not this country develops economically,,V228K,,,,,,
,E268,"Scale corruption in [my country] - pay a bribe, give a gift, do a favor to other to get things",Q112,,,,,,,
,E269,Groups of people involved in corruption: State authorities,Q113,,,,,,,
,E270,Groups of people involved in corruption: Business executives,Q114,,,,,,,
,E271,Groups of people involved in corruption: Local authorities,Q115,,,,,,,
,E272,"Groups of people involved in corruption: Civil service providers (police, judiciary, civil servants, doctors, teachers)",Q116,,,,,,,
,E273,Groups of people involved in corruption: Journalists and media,Q117,,,,,,,
,E274,"Frequency ordinary people pay a bribe, give a gift or do a favor to local officials/service providers in order to get services",Q118,,,,,,,
,E275,"Degree of agreement: On the whole, women are less corrupt than men",Q119,,,,,,,
,E276,"Risk in this country to be held accountable for giving or receiving a bribe, gift or favor in return for public service",Q120,,,,,,,
,E277,Standard of living comparing with your parents,Q56,,,,,,,
,E278,"Should international organizations prioritize, being effective or being democratic",Q90,,,,,,,
,E279,Five countries have permanent seats on the Security Council of the United Nations. Which ones of the following is not a member?,Q91,,,,,,,
,E280,Where are the headquarters of the International Monetary Fund (IMF) located?,Q92,,,,,,,
,E281,Which of the following problems does the organization Amnesty International deal with?,Q93,,,,,,,
,E282,Political actions using Internet: Searching information about politics and political events,Q217,,,,,,,
,E283,Political actions using Internet: Signing an electronic petition,Q218,,,,,,,
,E284,Political actions using Internet: Encouraging other people to take any form of political action,Q219,,,,,,,
,E285,"Political actions using Internet: Organizing political activities, events, protests",Q220,,,,,,,
,E286,Social activism: Donating to a group or campaign,Q213,,,,,,,
,E287,Social activism: Contacting a government official,Q214,,,,,,,
,E288,Social activism: Encouraging others to take action about political issues,Q215,,,,,,,
,E289,Social activism: Encouraging others to vote,Q216,,,,,,,
,E290,Justifiable: Political violence,Q194,,,,,,,
,E291,How much would you say the political system in your country allows people like you to have a say in what the government does?,Q234A,,,,,,,
,F001,Thinking about meaning and purpose of life,,V143,V184,V182,V177,V133,V177,
,F003,Thinking about death,,,,,,V134,,
,F004,Life is meaningful because God exits,,,,,,V135,,
,F005,Try to get the best out of life,,,,,,V136,,
,F006,Death is inevitable,,,,,,V137,,
,F007,Death has meaning if you believe in God,,,,,,V138,,
,F008,Death is a natural resting point,,,,,,V139,,
,F009,Sorrow has meaning if you believe in God,,,,,,V140,,
,F010,Life has no meaning,,,,,,V141,,
,F022,Statement: good and evil,,,,V183,V178,V142,V178,
,F025,Religious denominations - major groups,Q289,V144G,V185G,V184G,V179G,V144G,V179G,
,F025_WVS,Religious denomination - detailed list,Q289CS9,V144,V185,V184,v179,V144b,V179N,
,F025old,Religious denomination,,,V185old,V184old,V179old,V144,V179,
,F027,Which former religious denomination,,,,,,V145,,
,F028,How often do you attend religious services,Q171,V145,V186,V185,V181,V147,V181,
,F028B,How often to you pray,Q172,V146,,,,,,
,F029,Raised religiously,,,,,V180,V146,,
,F031,Important: Religious service birth,,,,,,V148,,
,F032,Important: Religious service marriage,,,,,,V149,,
,F033,Important: Religious service death,,,,,,V150,,
,F034,Religious person,Q173,V147,V187,V186,V182,V151,V182,
,F035,Churches give answers: moral problems,,,V188,V187,,V152,,
,F036,Churches give answers: the problems of family life,,,V189,V188,,V153,,
,F037,Churches give answers: people´s spiritual needs,,,V190,V189,,V154,,
,F038,Churches give answers: the social problems,,,V191,V190,,V155,,
,F040,Churches speak out on: disarmament,,,,,,V156,,
,F041,Churches speak out on: abortion,,,,,,V157,,
,F042,Churches speak out on: third world problems,,,,,,V158,,
,F043,Churches speak out on: extramarital affairs,,,,,,V159,,
,F044,Churches speak out on: unemployment,,,,,,V160,,
,F045,Churches speak out on: racial discrimination,,,,,,V161,,
,F046,Churches speak out on: euthanasia,,,,,,V162,,
,F047,Churches speak out on: homosexuality,,,,,,V163,,
,F048,Churches speak out on: ecology and environmental issues,,,,,,V164,,
,F049,Churches speak out on: government policy,,,,,,V165,,
,F050,Believe in: God,Q165,V148,,V191,V183,V166,V183,
,F051,Believe in: life after death,Q166,,,V192,V184,V167,V184,
,F052,Believe in: people have a soul,,,,V193,V185,V168,V185,
,F053,Believe in: hell,Q167,V149,,V194,V187,V170,V187,
,F054,Believe in: heaven,Q168,,,V195,V188,V171,V188,
,F055,Believe in: Sin,,,,,V189,V172,V189,
,F057,Believe in: re-incarnation,EVS_v61,,,,,V174,,
,F059,Believe in: devil,,,,,V186,V169,V186,
,F060,Believe in: resurrection of the dead,,,,,,V173,,
,F062,Personal God vs. Spirit or Life Force,EVS_v62,,,,,V175,,
,F063,How important is God in your life,Q164,V152,V192,V196,V190,V176,V190,
,F064,Get comfort and strength from religion,,,,V197,V191,V177,V191,
,F065,"Moments of prayer, meditation...",,,V193,V198,,V178,,
,F066,Pray to God outside of religious services (I),,,,V199,,,,
,F067,Pray to God outside of religious services (ii),,,,,,V179,,
,F102,Politicians who don´t believe in God are unfit for public office,,,V194,V200,,,,
,F103,Religious leaders should not influence how people vote,,,V195,V201,,,,
,F104,Better if more people with strong religious beliefs in public office,,,V196,V202,,,,
,F105,Religious leaders should not influence government,,,V197,V203,,,,
,F108,Government protects freedom,,,,IV163,,,,
,F109,Government protects religion,,,,IV164,,,,
,F110,Laws: people’s wishes,,,,IV165,,,,
,F111,Only laws of the Shari´a,,,,IV166,,,,
,F114A,Justifiable: Claiming government benefits to which you are not entitled,Q177,V198,V198,V204,V192,V296,V192,
,F114B,Justifiable: Stealing property,Q179,V200,,,,,,
,F114C,Justifiable: Parents beating children,Q190,V209,,,,,,
,F114D,Justifiable: Violence against other people,Q191,V210,,,,,,
,F114E,"Justifiable: Terrorism as a political, ideological or religious mean",Q192,,,,,,,
,F115,Justifiable: Avoiding a fare on public transport,Q178,V199,V199,V205,V193,V297,V193,
,F116,Justifiable: Cheating on taxes,Q180,V201,V200,V206,V194,V298,V194,
,F117,Justifiable: Someone accepting a bribe,Q181,V202,V201,V207,V196,V306,V196,
,F118,Justifiable: Homosexuality,Q182,V203,V202,V208,V197,V307,V197,
,F119,Justifiable: Prostitution,Q183,V203A,V203,V209,V198,V308,V198,
,F120,Justifiable: Abortion,Q184,V204,V204,V210,V199,V309,V199,
,F121,Justifiable: Divorce,Q185,V205,V205,V211,V200,V310,V200,
,F122,Justifiable: Euthanasia,Q188,V207A,V206,V212,V201,V312,V201,
,F123,Justifiable: Suicide,Q187,V207,V207,V213,V202,V313,V202,
,F124,Justifiable: Drinking alcohol,,,,IV167,,,,
,F125,Justifiable: Joyriding,,,,,,V300,,
,F126,Justifiable: Taking soft drugs,EVS_v151,,,,,V301,,
,F127,Justifiable: Llying,,,,,,V303,,
,F128,Justifiable: Adultery,,,,,,V304,,
,F129,Justifiable: Throwing away litter,,,,,,V318,,
,F130,Justifiable: Driving under influence of alcohol,,,,,,V319,,
,F132,Justifiable: Having casual sex,Q193,,,,,,,
,F135,Justifiable: Sex under the legal age of consent,,,,,,V305,,
,F135A,Justifiable: Sex before marriage,Q186,V206,,,,,,
,F136,Justifiable: Political assassination,,,,,,V317,,
,F139,Justifiable: Buy stolen goods,,,,,V195,V299,V195,
,F140,Justifiable: Keeping money that you have found,,,,,,V302,,
,F141,Justifiable: Fighting with the police,,,,,,V311,,
,F142,Justifiable: Failing to report damage you’ve done accidentally to a parked vehicle,,,,,,V314,,
,F143,Justifiable: Threatening workers who refuse to join a strike,,,,,,V315,,
,F144,Justifiable: Klling in self-defence,,,,,,V316,,
,F144_02,Justifiable: Death penalty,Q195,,,,,,,
,F164,Islam requires woman to dress modestly but does not require cover face with veil,,,,ISL01,,,,
,F165,Violation of Islam for male and female university students to attend classes together,,,,ISL02,,,,
,F166,"By requiring man treat all wives equally, Islam true intent is prohibit taking more than one wife",,,,ISL03,,,,
,F167,Monarchy is a form of government that is compatible with Islam,,,,ISL04,,,,
,F168,Democracy is a Western form of government that is not compatible with Islam,,,,ISL05,,,,
,F169,Nationalism is incompatible with Islam because Islam requires ´ummah´,,,,ISL06,,,,
,F170,"If Palestinian state established and peace with Israel, Islam would not oppose existence of Israel",,,,ISL07,,,,
,F171,"If country pursues policies harmful to Muslims, Islam permits killing civilians in that country",,,,ISL08,,,,
,F172,A truly Islamic country should not have a parliament with the right to pass laws,,,,ISL09,,,,
,F173,Islam requires that political rights of non Muslims should be inferior to those of Muslims,,,,ISL10,,,,
,F174,Islams requires country with majority of Muslims be governed by men of Islamic learning,,,,ISL11,,,,
,F175,Religions limit democratic processes,,,,ISL12,,,,
,F176,Some US Policies toward other countries are good and some are bad,,,,ISL13,,,,
,F177,"While US policies toward other countries are often bad, most ordinary americans are good people",,,,ISL14,,,,
,F178,The culture of US and other Western countries has many positive attributes,,,,ISL15,,,,
,F179,Exposure to the culture of the US and other Western countries harmful effect on our country,,,,ISL16,,,,
,F186,Religion is a cause of terrorism,,,,ISL25,,,,
,F187,The content of [Country] education contributes to religious extremism,,,,ISL26,,,,
,F188,Which is more important as a basis for marriage:  parents´ approval or love,,,,ISL27,,,,
,F189,"When you were growing up, did your father or mother have more influence in the affairs of the house",,,,ISL28,,,,
,F190,How frequently do you perform the five prescribed prayers of the Islam,,,,ISL29,,,,
,F191,How frequently do you perform in the mosque,,,,ISL30,,,,
,F192,"If you feel sad and want to talk to someone, to whom do you usually turn to",,,,ISL31,,,,
,F193,Civil marriage is very important because it helps maintain the family,,,,ISL32,,,,
,F194,How important: daily prayer,,,,ISL33,,,,
,F195,How important: building a prosperous society,,,,ISL34,,,,
,F196,How important: forming a happy secure family,,,,ISL35,,,,
,F197,How important: building a successful professional future,,,,ISL36,,,,
,F198,Fate versus control,,,V122,,,,,
,F199,Justifiable: For a man to beat his wife,Q189,V208,V208,,,,,
,F200,Meaning of religion: To follow religious norms and ceremonies vs To do good to other people,Q174,V150,,,,,,
,F201,Meaning of religion: To make sense of life after death vs To make sense of life in this world,Q175,V151,,,,,,
,F202,"Whenever science and religion conflict,  religion is always right",Q169,V153,,,,,,
,F203,The only acceptable religion  is my religion,Q170,V154,,,,,,
,F204,All religions should be taught in public schools,,V155,,,,,,
,F205,People who belong to different religions are probably just as moral as those who belong to mine,,V156,,,,,,
,F206,Degree of agreement: Nowadays one often has trouble deciding which moral rules are the right ones to follow,Q176,,,,,,,
,G001,Geographical groups belonging to first,,,,V214,V203,V320,V203,
,G001CS,Geographical groups belonging to first (country specific),,,,G001_CS,G001_CS,G001_CS,,
,G002,Geographical groups belonging to second,,,,V215,V204,V321,V204,
,G002CS,Geographical groups belonging to second  (country specific),,,,G002_CS,G002_CS,G002_CS,,
,G003CS,Geographical groups belonging to least of all (country specific),,,,,,V350,,
,G005,Citizen of [country],,,V264,,,,,
,G006,How proud of nationality,Q254,V211,V209,V216,V205,V322,V205,
,G007_01,Trust: Other people in country,,,,,,V341,,
,G007_02,Trust: French Canadians,,,,,,V342,,
,G007_03,Trust: Nepalis,,,,,,V347_19,,
,G007_04,Trust: Korean residents in Japan,,,,,,V347_20,,
,G007_05,Trust: Chinese residents in Japan,,,,,,V347_21,,
,G007_06,Trust: Mestizo,,,,,,V347_22,,
,G007_07,Trust: Indians,,,,,,V347_23,,
,G007_08,Trust: Central Americans,,,,,,V347_24,,
,G007_09,Trust: Hausas,,,,,,V347_25,,
,G007_10,Trust: Igbos,,,,,,V347_26,,
,G007_11,Trust: Yorubas,,,,,,V347_27,,
,G007_12,Trust: Ghanaians,,,,,,V347_28,,
,G007_13,Trust: Czechs,,,,,,V347_29,,
,G007_16,Trust: West Germans,,,,,,V347_30,,
,G007_17,Trust: Your friends,,,,,,V347_31,,
,G007_18,Trust: Your neighborhood,,,,,,V347_32,,
,G007_18_B,Trust: Your neighborhood (B),Q59,V103,V126,,,,,
,G007_19,Trust: White South Africans,,,,,,V347_33,,
,G007_20,Trust: Black South Africans,,,,,,V347_34,,
,G007_21,Trust: Coloured South Africans,,,,,,V347_35,,
,G007_22,Trust: Asian South Africans,,,,,,V347_36,,
,G007_28,Trust: Moroccans,,,,,,V347_37,,
,G007_30,Trust: Portuguese,,,,,,V347_38,,
,G007_31,Trust: Koreans,,,,,,V347_39,,
,G007_32,Trust: Soviet Union people,,,,,,V347_40,,
,G007_33_B,Trust: People you know personally (B),Q60,V104,V127,,,,,
,G007_34_B,Trust: People you meet for the first time (B),Q61,V105,V128,,,,,
,G007_35_B,Trust: People of another religion (B),Q62,V106,V129,,,,,
,G007_36_B,Trust: People of another nationality (B),Q63,V107,V130,,,,,
,G007_37,Trust: Americans,,,,,,V344,,
,G007_39,Trust: Russians,,,,,,V346,,
,G007_40,Trust: Chinese,,,,,,V347,,
,G007_41,Trust: Italians,,,,,,V347_01,,
,G007_42,Trust: Latin Americans,,,,,,V347_02,,
,G007_43,Trust: Japanese,,,,,,V347_03,,
,G007_44,Trust: Blacks,,,,,,V347_04,,
,G007_45,Trust: Germans,,,,,,V347_05,,
,G007_48,Trust: Mapuche Indians,,,,,,V347_06,,
,G007_49,Trust: Pascuences,,,,,,V347_07,,
,G007_50,Confianza: Argentinos,,,,,,V347_08,,
,G007_51,Trust: Peruvians,,,,,,V347_09,,
,G007_52,Trust: Chinese Zhuan Nationality,,,,,,V347_10,,
,G007_53,Trust: Chinese Hui Nationality,,,,,,V347_11,,
,G007_54,Trust: English,,,,,,V347_12,,
,G007_55,Trust: Slovaks,,,,,,V347_13,,
,G007_56,Trust: Gypsies,,,,,,V347_14,,
,G007_57,Trust: Poles,,,,,,V347_15,,
,G007_58,Trust: Indian Hindus,,,,,,V347_16,,
,G007_59,Trust: Indian Non-Hindus,,,,,,V347_17,,
,G007_60,Trust: Pakistanis,,,,,,V347_18,,
,G007_61,Trust: Canadian people in general,,,V130_CA_1,,,,,
,G007_62,Trust: Christians,,,V130_IQ_4,,,,,
,G007_63,Trust: Kurds,,,V130_IQ_3,,,,,
,G007_64,Trust: People in general,,,V130_NZ_2,,,,,
,G007_65,Trust: Relatives,,,V130_NZ_1,,,,,
,G007_66,Trust: Shi´i,,,V130_IQ_1,,,,,
,G007_67,Trust: Sunni,,,V130_IQ_2,,,,,
,G015,Which of the following best describes you,,,,,V208,,,
,G015B,Which of the following best describes you (B),,,,V218,,,,
,G016,Language at home,Q272,V247,V222,V219,V209,,,
,G017,Born in this country: birth country,,,,,V206,V348,,
,G018,When came to country,,,,,V207,V349,,
,G019,I see myself as a world citizen,,V212,V210,,,,,
,G020,I see myself as member of my local community,,V213,V211,,,,,
,G021,I see myself as citizen of the [country] nation,,V214,V212,,,,,
,G022A,I see myself as citizen of [Latinamerica],,V215_08,V213A,,,,,
,G022B,I see myself as citizen of [North America],,V215_07,V213B,,,,,
,G022C,I see myself as citizen of the [European Union],,V215_01,V213C,,,,,
,G022D,I see myself as citizen of [APEC],,V215_02,V213D,,,,,
,G022E,I see myself as citizen of [ASIA],,V215_14,V213E,,,,,
,G022F,I see myself as citizen of [Mercosur],,V215_10,V213F,,,,,
,G022G,I see myself as citizen of [my province or region],,,V213G,,,,,
,G022H,I see myself as citizen of [a country other than mine],,,V213H,,,,,
,G022I,I see myself as citizen of [CIS],,V215_11,,,,,,
,G022J,I see myself as citizen of [The Caribbean],,V215_04,,,,,,
,G022K,I see myself as citizen of [The African Union],,V215_12,V213K,,,,,
,G022L,I see myself as citizen of [Arab Maghreb Union],,V215_05,V213L,,,,,
,G022M,I see myself as citizen of [ASEAN],,V215_13,V213M,,,,,
,G022N,I see myself as citizen of [Arab Union],,V215_06,V213N,,,,,
,G022O,I see myself as citizen of the [Northeast Asia Region],,V215_03,,,,,,
,G022P,I see myself as citizen of the [UNASUR],,V215_15,,,,,,
,G022Q,I see myself as citizen of the [Islamic nation],,V215_16,,,,,,
,G022R,I see myself as part of the Cooperation Council for the Arab states of Gulf (GCC),,V215_17,,,,,,
,G022S,I see myself as part of  [SAARC],,V215_18,,,,,,
,G023,I see myself as an autonomous individual,,V216,V214,,,,,
,G024,What thing are you proud of in your country -1st,,,,,,V286,,
,G025,What thing are you proud of in your country -2nd,,,,,,V287,,
,G026,Mother immigrant,Q264,V243,V215,,,,,
,G026_01,Mother's Country of origin,,V243_AU,,,,,,
,G027,Father immigrant,Q265,V244,V216,,,,,
,G027_01,Father's Country of origin,,V244_AU,,,,,,
,G027A,Respondent immigrant,Q263,V245,,,,,,
,G027B,Respondent citizen,Q269,V246,,,,,,
,G028,Requirements for citizenship: having ancestors from my country,,,V217,,,,,
,G029,Requirements for citizenship: being born on my country’s soil,,,V218,,,,,
,G030,Requirements for citizenship: adopting the customs of my country,,,V219,,,,,
,G031,Requirements for citizenship: abiding by my country´s laws,,,V220,,,,,
,G032,Ethnic diversity,,,V221,,,,,
,G052,Evaluate the impact of immigrants on the development of [your country],Q121,,,,,,,
,G053,Effects of immigrants on the development of [your country]: Fill useful jobs in the workforce,Q122,,,,,,,
,G054,Effects of immigrants on the development of [your country]: Strengthen cultural diversity,Q123,,,,,,,
,G055,Effects of immigrants on the development of [your country]: Increase the crime rate,Q124,,,,,,,
,G056,Effects of immigrants on the development of [your country]: Give asylum to political refugees,Q125,,,,,,,
,G057,Effects of immigrants on the development of [your country]: Increase the risks of terrorism,Q126,,,,,,,
,G058,Effects of immigrants on the development of [your country]: Help poor people establish new lives,Q127,,,,,,,
,G059,Effects of immigrants on the development of [your country]: Increase unemployment,Q128,,,,,,,
,G060,Effects of immigrants on the development of [your country]: Lead to social conflict,Q129,,,,,,,
,G062,"How close you feel: Continent; e.g. Europe, Asia etc.]",Q258,,,,,,,
,G063,How close you feel: World,Q259,,,,,,,
,G255,"How close you feel: Your [village, town or city]",Q255,,,,,,,
,G256,"Feel close to your district, region",Q256,,,,,,,
,G257,Feel close to your country,Q257,,,,,,,
,H001,Secure in neighborhood,Q131,V170,,,,,,
,H002_01,Frequency in your neighborhood: Robberies,Q132,V171,,,,,,
,H002_02,Frequency in your neighborhood: Alcohol consumed in the streets,Q133,V172,,,,,,
,H002_03,Frequency in your neighborhood: Police or military interfere with people’s private life,Q134,V173,,,,,,
,H002_04,Frequency in your neighborhood: Racist behavior,Q135,V174,,,,,,
,H002_05,Frequency in your neighborhood: Drug sale in streets,Q136,V175,,,,,,
,H003_01,Things done for reasons of security: Didn’t carry much money,Q139,V176,,,,,,
,H003_02,Things done for reasons of security: Preferred not to go out at night,Q140,V177,,,,,,
,H003_03,"Things done for reasons of security: Carried a knife, gun or other weapon",Q141,V178,,,,,,
,H004,Respondent was victim of a crime during the past year,Q144,V179,,,,,,
,H005,Respondent's family was victim of a crime during last year,Q145,V180,,,,,,
,H006_01,Worries: Losing my job or not finding a job,Q142,V181,,,,,,
,H006_02,Worries: Not being able to give one's children a good education,Q143,V182,,,,,,
,H006_03,Worries: A war involving my country,Q146,V183,,,,,,
,H006_04,Worries: A terrorist attack,Q147,V184,,,,,,
,H006_05,Worries: A civil war,Q148,V185,,,,,,
,H006_06,Worries: Government wire-tapping or reading my mail or email,,V186,,,,,,
,H007,"Under some conditions, war is necessary to obtain justice",,V187,,,,,,
,H008_01,Frequency you/family (last 12 month): Gone without enough food to eat,Q51,V188,,,,,,
,H008_02,Frequency you/family (last 12 month): Felt unsafe from crime in your own home,Q52,V189,,,,,,
,H008_03,Frequency you/family (last 12 month): Gone without needed medicine or treatment that you needed,Q53,V190,,,,,,
,H008_04,Frequency you/family (last 12 month): Gone without a cash income,Q54,V191,,,,,,
,H008_05,How frequently do the following things occur in your neighborhood: Street violence and fights,Q137,,,,,,,
,H008_06,How frequently do the following things occur in your neighborhood: Sexual harassment,Q138,,,,,,,
,H008_07,Freedom and Equality - Which more important,Q149,,,,,,,
,H008_08,Freedom and securiy - Which more important,Q150,,,,,,,
,H008_09,"In the last 12 month, how often have you or your family: Gone without a safe shelter over your head",Q55,,,,,,,
,H009,Government has the right: Keep people under video surveillance in public areas,Q196,,,,,,,
,H010,Government has the right: Monitor all e-mails and any other information exchanged on the Internet,Q197,,,,,,,
,H011,Government has the right: Collect information about anyone living in [COUNTRY] without their knowledge,Q198,,,,,,,
,I001,One of the bad effects of science is that it breaks down people’s ideas of right and wrong,Q161,V195,,,,,,
,I002,It is not important for me to know about science in my daily life,Q162,V196,,,,,,
,MODE,Mode of data collection,Q_MODE,Qmode,Qmode,Qmode,Qmode,Qmode,Qmode,
,PWGHT,Population size weight,PWGHT,,,,,,,
,S002VS,Chronology of EVS-WVS waves,A_WAVE,V1,V1,V1,V1,V1,V1,
,S003,ISO 3166-1 numeric country code,B_COUNTRY,V2,V2,V2,V2,V2,V2,
,S006,Original respondent number,S006,S006,S006,S006,S006,S006,S006,
,S007,Unified respondent number,S007,S007,S007,S007,S007,S007,S007,
,S008,Interviewer number,L_INTERVIEWER_NUMBER,,,,,,,
,S010,Total length of interview,K_DURATION,,,V239,V230,V366,,
,S011A,Time of the interview - Start,K_TIME_START,,,,,,,
,S011B,Time at the end of interview,K_TIME_END,,,V238,V229,V365,,
,S012,Date interview,J_INTDATE,V261,V261,V247,,,,
,S013,Respondent interested during the interview,E_RESPINT,V251,V254,V240,V231,V367,,
,S013B,Interview privacy,F_INTPRIVACY,V252,,,,,,
,S016,Language of the interview (WVS/EVS list of languages),LNG_NUM,LNG_NUM,LNG_NUM,LNG_NUM,LNG_NUM,LNG_NUM,,
,S016B,Language in which interview was conducted,S_INTLANGUAGE,V257,V258,V244,V235,V373,,
,S017,Weight,W_WEIGHT,V258,V259,V245,V236,V376,V236,
,S018,Equilibrated weight-1000,S018,S018,S018,S018,S018,S018,S018,
,S020,Year survey,A_YEAR,V262,V260,V246,V238,V377,V237,
,S021,Country - wave - study - set - year,S021,S021,S021,S021,S021,S021,S021,
,S022,Year/month of start-fieldwork,FW_START,FW_START,FW_START,FW_START,FW_START,FW_START,FW_START,
,S023,Year/month of end-fieldwork,FW_END,FW_END,FW_END,FW_END,FW_END,FW_END,FW_END,
,S024,Country - wave,S024,S024,S024,S024,S024,S024,S024,
,S025,Country - year,S025,S025,S025,S025,S025,S025,S025,
,V001,Father born in country,V001,,,,,,,
,V001A,Fathers country of birth - ISO 3166-1 code,Q268,,,,,,,
,V002,Mother born in country,V002,,,,,,,
,V002A,Mothers country of birth - ISO 3166-1 code,Q267,,,,,,,
,V004AF_01,Highest educational level attained - Respondent´s Father ISCED,Q278,,,,,,,
,V004AM_01,Highest educational level attained - Respondent´s Mother ISCED,Q277,,,,,,,
,V004RF,Highest educational level attained - Respondent´s Father (Recoded),Q278R,,,,,,,
,V004RM,Highest educational level attained - Respondent´s Mother (Recoded),Q277R,,,,,,,
,V097EF,Respondent´s Father - Occupational group (when respondent was 14 years old) (WVS),Q283,,,,,,,
,W002A_01,Highest educational level attained - Respondent´s Spouse ISCED,Q276,,,,,,,
,W002D,Country specific: Education level partner,Q276A,,,,,,,
,W002R,educational level partner (recoded),Q276R,,,,,,,
,W003,Employment status - Responent´s Spouse,Q280,,,,,,,
,W006E,Respondent´s Spouse - Occupational group (WVS),Q282,,,,,,,
,X001,Sex,Q260,V240,V235,V223,V214,V353,V214,
,X002,Year of birth,Q261,V241,V236,V224,V215,V354,V215,
,X002_02A,Respondents country of birth - ISO 3166-1 code,Q266,,,,,,,
,X003,Age,Q262,V242,V237,V225,V216,V355,V216,
,X003R,Age recoded (6 intervals),X003R,X003R,V237R,V225R,v216R,X003R,X003R,
,X003R2,Age recoded (3 intervals),X003R2,X003R2,V237R2,V225R2,v216R2,X003R2,X003R2,
,X007,Marital status,Q273,V57,V55,V106,V89,V181,V89,
,X008,Have you been married before,,,,,,V182,,
,X010,Where r lived after married,,,,IV67,,,,
,X011,How many children do you have,Q274,V58,V56,V107,V90,V211,V90,
,X011A,Have you had any children,,,,,,,V90A,
,X012,How many are still living at home,,,,,,V212,,
,X013,Number of people in household,Q270,,V265,,,,,
,X023,What age did you complete your education,,V249,V239,V227,V218,,V218,
,X023R,What age did you complete your education (recoded in intervals),EVS_v242_r,,,,,V356,,
,X024B,Respondent - literate,,,V262,,,,,
,X025,Highest educational level attained,,V248,V238,V226,V217,V375,,
,X025A_01,Highest educational level attained - Respondent ISCED-2011,Q275,,,,,,,
,X025CSWVS,Education (country specific),Q275A,V248_CS,V238CS,V226CS,V217CS,V375CS,,
,X025LIT,Was the respondent literate,,V255,,,,,,
,X025R,Education level (recoded),Q275R,V248R,V238R,V226R,V217R,V375R,,
,X026,Do you live with your parents,Q271,V250,V240,V228,V219,V357,V219,
,X028,Employment status,Q279,V229,V241,V229,V220,V358,V220,
,X031,Are you supervising someone,,V234,V247,,,,,
,X036,Profession/job,,V265,V242,V230,V221,V359,V221,
,X036E,Respondent - Occupational group (WVS),Q281,,,,,,,
,X040,Are you the chief wage earner in your house,Q285,V235,V248,V231,V222,V360,V222,
,X041,Is the chief wage earner employed now,,V236,V249,V232,V223,V361,,
,X043,Chief wage earner profession/job,,,V250,V233,V224,V362,V224,
,X044,Family savings during past year,Q286,V237,V251,V234,V225,,,
,X045,Social class (subjective),Q287,V238,V252,V235,V226,,V226,
,X045B,Social class (subjective) with 6 categories,,,V252B,,,,,
,X046,Socio-economic status of respondent,,,,,,V364,,
,X047_WVS,Scale of incomes,Q288,V239,V253,V236,V227,V363,V227,
,X047CS,Scale of incomes (Country specific),,,V253CS,V236CS,V227CS,V363CS,,
,X047R_WVS,Subjective income level (recoded in 3 groups),Q288R,V239R,V253R,V236R,V227R,V363R,V227R,
,X048ISO,Region ISO 3166-2,N_REGION_ISO,N_REGION_ISO,N_REGION_ISO,REGION_ISO,N_REGION_ISO,N_REGION_ISO,N_REGION_ISO,
,X048WVS,Region where the interview was conducted (WVS),N_REGION_WVS,V256,V257,V243,V234,V370,V234,
,X049,Settlement size,G_TOWNSIZE,V253,V255,V241,V232,V368,,
,X049A,Settlement size_5 groups,G_TOWNSIZE2,G_TOWNSIZE2,G_TOWNSIZE2,G_TOWNSIZE2,G_TOWNSIZE2,G_TOWNSIZE2,,
,X049CS,Settlement size (country specific),,V253_CS,V255CS,V241CS,V232CS,V368CS,,
,X050,Type of habitat,,,,,,V372,V232,
,X050B,Settlement type where interview was conducted,H_SETTLEMENT,,,,,,,
,X050C,Urban/Rural habitat,H_URBRURAL,,V263,V248,,,,
,X051,Ethnic group,Q290,V254,V256,V242,V233,V369,V233,
,X052,Institution of occupation,Q284,V230,V243,,,,,
,X053,Nature of tasks: manual vs. Cognitive,,V231,V244,,,,,
,X054,Nature of tasks: routine vs. Creative,,V232,V245,,,,,
,X055,Nature of tasks: independence,,V233,V246,,,,,
,Y001,Post-Materialist index 12-item,Y001,Y001,Y001,Y001,Y001,Y001,,
,Y002,Post-Materialist index 4-item,Y002,Y002,Y002,Y002,Y002,Y002,Y002,
,Y003,Autonomy Index,Y003,Y003,Y003,Y003,Y003,Y003,Y003,
,Y010,SACSECVAL.- Welzel Overall Secular Values,SACSECVAL,SACSECVAL,SACSECVAL,SACSECVAL,SACSECVAL,SACSECVAL,SACSECVAL,
,Y011,DEFIANCE.- Welzel defiance sub-index,DEFIANCE,DEFIANCE,DEFIANCE,DEFIANCE,DEFIANCE,DEFIANCE,DEFIANCE,
,Y011A,AUTHORITY - Welzel defiance - 1: Inverse respect for authority,I_AUTHORITY,I_AUTHORITY,I_AUTHORITY,I_AUTHORITY,I_AUTHORITY,I_AUTHORITY,I_AUTHORITY,
,Y011B,NATIONALISM - Welzel defiance - 2: Inverse national pride,I_NATIONALISM,I_NATIONALISM,I_NATIONALISM,I_NATIONALISM,I_NATIONALISM,I_NATIONALISM,I_NATIONALISM,
,Y011C,DEVOUT- Welzel defiance - 3: Inverse devoutness,I_DEVOUT,I_DEVOUT,I_DEVOUT,I_DEVOUT,I_DEVOUT,I_DEVOUT,I_DEVOUT,
,Y012,DISBELIEF.- Welzel disbelief sub-index,DISBELIEF,DISBELIEF,DISBELIEF,DISBELIEF,DISBELIEF,DISBELIEF,DISBELIEF,
,Y012A,RELIGIMP - Welzel disbelief- 1: Inverse importance of religion,I_RELIGIMP,I_RELIGIMP,I_RELIGIMP,I_RELIGIMP,I_RELIGIMP,I_RELIGIMP,I_RELIGIMP,
,Y012B,RELIGBEL - Welzel disbelief- 2: Inverse religious person,I_RELIGBEL,I_RELIGBEL,I_RELIGBEL,I_RELIGBEL,I_RELIGBEL,I_RELIGBEL,I_RELIGBEL,
,Y012C,RELIGPRAC - Welzel disbelief- 3: Inverse religious practice,I_RELIGPRAC,I_RELIGPRAC,I_RELIGPRAC,I_RELIGPRAC,I_RELIGPRAC,I_RELIGPRAC,I_RELIGPRAC,
,Y013,RELATIVISM.- Welzel relativism,RELATIVISM,RELATIVISM,RELATIVISM,RELATIVISM,RELATIVISM,RELATIVISM,RELATIVISM,
,Y013A,NORM1 - Welzel relativism- 1: Inverse norm conform1,I_NORM1,I_NORM1,I_NORM1,I_NORM1,I_NORM1,I_NORM1,I_NORM1,
,Y013B,NORM2 - Welzel relativism- 2: Inverse norm conform2,I_NORM2,I_NORM2,I_NORM2,I_NORM2,I_NORM2,I_NORM2,I_NORM2,
,Y013C,NORM3 - Welzel relativism- 3: Inverse norm conform3,I_NORM3,I_NORM3,I_NORM3,I_NORM3,I_NORM3,I_NORM3,I_NORM3,
,Y014,SCEPTICISM.- Welzel scepticism index,SCEPTICISM,SCEPTICISM,SCEPTICISM,SCEPTICISM,SCEPTICISM,SCEPTICISM,SCEPTICISM,
,Y014A,TRUSTARMY- Welzel scepticism- 1: Inverse trust in army,I_TRUSTARMY,I_TRUSTARMY,I_TRUSTARMY,I_TRUSTARMY,I_TRUSTARMY,I_TRUSTARMY,I_TRUSTARMY,
,Y014B,TRUSTPOLICE- Welzel scepticism- 2: Inverse trust in police,I_TRUSTPOLICE,I_TRUSTPOLICE,I_TRUSTPOLICE,I_TRUSTPOLICE,I_TRUSTPOLICE,I_TRUSTPOLICE,I_TRUSTPOLICE,
,Y014C,TRUSTCOURTS- Welzel scepticism- 3: Inverse trust in courts,I_TRUSTCOURTS,I_TRUSTCOURTS,I_TRUSTCOURTS,I_TRUSTCOURTS,I_TRUSTCOURTS,I_TRUSTCOURTS,I_TRUSTCOURTS,
,Y020,RESEMAVAL.- Welzel emancipative values,RESEMAVAL,RESEMAVAL,RESEMAVAL,RESEMAVAL,RESEMAVAL,RESEMAVAL,RESEMAVAL,
,Y021,AUTONOMY.- Wezel Autonomy subindex,AUTONOMY,AUTONOMY,AUTONOMY,AUTONOMY,AUTONOMY,AUTONOMY,AUTONOMY,
,Y021A,INDEP- Welzel autonomy-1: Independence as kid quality,I_INDEP,I_INDEP,I_INDEP,I_INDEP,I_INDEP,I_INDEP,I_INDEP,
,Y021B,IMAGIN- Welzel autonomy-2: Imagination as kid quality,I_IMAGIN,I_IMAGIN,I_IMAGIN,I_IMAGIN,I_IMAGIN,I_IMAGIN,I_IMAGIN,
,Y021C,NONOBED- Welzel autonomy-3: Obedience as kid quality,I_NONOBED,I_NONOBED,I_NONOBED,I_NONOBED,I_NONOBED,I_NONOBED,I_NONOBED,
,Y022,EQUALITY.- Welzel equality sub-index,EQUALITY,EQUALITY,EQUALITY,EQUALITY,EQUALITY,EQUALITY,EQUALITY,
,Y022A,WOMJOB- Welzel equality-1: Gender equality: job,I_WOMJOB,I_WOMJOB,I_WOMJOB,I_WOMJOB,I_WOMJOB,I_WOMJOB,I_WOMJOB,
,Y022B,WOMPOL- Welzel equality-2: Gender equality: politics,I_WOMPOL,I_WOMPOL,I_WOMPOL,I_WOMPOL,I_WOMPOL,I_WOMPOL,I_WOMPOL,
,Y022C,WOMEDU- Welzel equality-3: Gender equality: education,I_WOMEDU,I_WOMEDU,I_WOMEDU,I_WOMEDU,I_WOMEDU,I_WOMEDU,I_WOMEDU,
,Y023,CHOICE.- Welzel choice sub-index,CHOICE,CHOICE,CHOICE,CHOICE,CHOICE,CHOICE,CHOICE,
,Y023A,HOMOLIB- Welzel choice-1: Homosexuality acceptance,I_HOMOLIB,I_HOMOLIB,I_HOMOLIB,I_HOMOLIB,I_HOMOLIB,I_HOMOLIB,I_HOMOLIB,
,Y023B,ABORTLIB- Welzel choice-2: Abortion acceptable,I_ABORTLIB,I_ABORTLIB,I_ABORTLIB,I_ABORTLIB,I_ABORTLIB,I_ABORTLIB,I_ABORTLIB,
,Y023C,DIVORLIB- Welzel choice-3: Divorce acceptable,I_DIVORLIB,I_DIVORLIB,I_DIVORLIB,I_DIVORLIB,I_DIVORLIB,I_DIVORLIB,I_DIVORLIB,
,Y024,VOICE.- Welzel voice sub-index,VOICE,VOICE,VOICE,VOICE,VOICE,VOICE,VOICE,
,Y024A,VOICE1- Welzel voice-1,I_VOICE1,I_VOICE1,I_VOICE1,I_VOICE1,I_VOICE1,I_VOICE1,I_VOICE1,
,Y024B,VOICE2- Welzel voice-2,I_VOICE2,I_VOICE2,I_VOICE2,I_VOICE2,I_VOICE2,I_VOICE2,I_VOICE2,
,Y024C,VOI2_00- Welzel voice-3 (auxiliary),I_VOI2_00,I_VOI2_00,I_VOI2_00,I_VOI2_00,I_VOI2_00,I_VOI2_00,I_VOI2_00,
